,modified,Journal_Impact_Factor,PY,NR,author_num,PG,title_length
0,1,3.256,2015.0,39.0,6.0,10.0,8.0
1,1,5.468,2015.0,47.0,9.0,11.0,23.0
2,1,8.502,2016.0,117.0,4.0,16.0,12.0
3,1,2.896,2016.0,49.0,3.0,11.0,19.0
4,1,6.403,2016.0,40.0,6.0,9.0,14.0
5,1,1.481,2016.0,22.0,6.0,6.0,22.0
6,1,2.806,2016.0,59.0,4.0,16.0,10.0
7,1,3.786,2016.0,85.0,6.0,12.0,11.0
8,1,2.806,2016.0,73.0,4.0,21.0,9.0
9,1,2.476,2016.0,29.0,6.0,12.0,16.0
10,1,4.621,2017.0,39.0,6.0,9.0,19.0
11,1,3.955,2017.0,49.0,4.0,25.0,17.0
12,1,3.179,2017.0,43.0,3.0,5.0,19.0
13,1,6.537000000000001,2017.0,30.0,6.0,10.0,21.0
14,1,3.355,2017.0,56.0,4.0,9.0,6.0
15,1,19.912,2017.0,150.0,4.0,13.0,8.0
16,1,3.512,2017.0,29.0,9.0,8.0,13.0
17,1,6.537000000000001,2017.0,41.0,5.0,10.0,22.0
18,1,2.34,2017.0,71.0,2.0,10.0,15.0
19,1,1.843,2017.0,44.0,8.0,13.0,18.0
20,1,7.616000000000001,2017.0,45.0,5.0,29.0,17.0
21,1,2.901,2017.0,133.0,3.0,40.0,23.0
22,1,2.766,2017.0,19.0,7.0,8.0,17.0
23,1,2.766,2017.0,120.0,11.0,25.0,18.0
24,1,3.768,2017.0,34.0,3.0,8.0,12.0
25,1,4.122,2017.0,119.0,9.0,12.0,11.0
26,1,4.927,2017.0,70.0,5.0,16.0,13.0
27,1,4.671,2017.0,28.0,6.0,10.0,11.0
28,1,2.732,2017.0,58.0,4.0,12.0,15.0
29,1,2.34,2017.0,90.0,4.0,12.0,14.0
30,1,4.459,2017.0,80.0,4.0,13.0,13.0
31,1,4.122,2017.0,49.0,10.0,11.0,13.0
32,1,4.122,2017.0,30.0,2.0,7.0,10.0
33,1,2.936,2017.0,30.0,6.0,4.0,18.0
34,1,2.583,2017.0,23.0,6.0,8.0,19.0
35,1,2.766,2017.0,38.0,9.0,14.0,17.0
36,1,4.122,2017.0,45.0,4.0,11.0,16.0
37,1,2.346,2017.0,19.0,6.0,8.0,21.0
38,1,4.122,2017.0,37.0,5.0,9.0,9.0
39,1,2.766,2017.0,52.0,5.0,19.0,7.0
40,1,6.537000000000001,2017.0,41.0,8.0,10.0,18.0
41,1,4.122,2017.0,70.0,10.0,11.0,11.0
42,1,8.88,2018.0,58.0,2.0,11.0,14.0
43,1,3.205,2017.0,42.0,6.0,11.0,26.0
44,1,2.625,2018.0,28.0,4.0,9.0,7.0
45,1,3.126,2017.0,12.0,5.0,7.0,7.0
46,1,4.122,2017.0,92.0,8.0,13.0,11.0
47,1,3.286,2017.0,100.0,2.0,13.0,12.0
48,1,4.096,2018.0,96.0,2.0,13.0,11.0
49,1,3.179,2017.0,36.0,1.0,10.0,16.0
50,1,4.096,2018.0,74.0,2.0,13.0,7.0
51,1,3.161,2017.0,162.0,5.0,12.0,12.0
52,1,1.894,2017.0,70.0,1.0,19.0,12.0
53,1,2.847,2018.0,36.0,5.0,9.0,23.0
54,1,2.386,2018.0,34.0,4.0,14.0,9.0
55,1,2.868,2018.0,13.0,5.0,4.0,14.0
56,1,4.847,2017.0,43.0,4.0,6.0,10.0
57,1,4.345,2017.0,49.0,7.0,16.0,16.0
58,1,4.122,2017.0,52.0,3.0,11.0,13.0
59,1,2.377,2018.0,49.0,3.0,10.0,18.0
60,1,3.098,2017.0,69.0,2.0,9.0,12.0
61,1,7.199,2018.0,11.0,11.0,11.0,9.0
62,1,2.41,2017.0,54.0,5.0,15.0,8.0
63,1,2.509,2018.0,60.0,4.0,15.0,19.0
64,1,4.183,2018.0,61.0,4.0,17.0,17.0
65,1,4.011,2018.0,39.0,6.0,10.0,11.0
66,1,3.16,2018.0,72.0,6.0,15.0,17.0
67,1,2.583,2017.0,37.0,8.0,6.0,17.0
68,1,2.776,2018.0,138.0,3.0,21.0,11.0
69,1,2.488,2018.0,31.0,4.0,11.0,15.0
70,1,4.103,2018.0,72.0,6.0,7.0,17.0
71,1,1.633,2018.0,26.0,6.0,10.0,12.0
72,1,2.776,2018.0,27.0,7.0,15.0,18.0
73,1,5.479,2018.0,238.0,1.0,16.0,10.0
74,1,2.421,2018.0,43.0,4.0,11.0,13.0
75,1,2.87,2018.0,37.0,5.0,8.0,16.0
76,1,8.386000000000001,2018.0,66.0,5.0,31.0,10.0
77,1,3.962,2018.0,20.0,3.0,5.0,13.0
78,1,2.127,2018.0,78.0,3.0,14.0,13.0
79,1,4.147,2018.0,169.0,1.0,12.0,11.0
80,1,5.206,2018.0,51.0,15.0,10.0,14.0
81,1,3.224,2018.0,72.0,1.0,7.0,10.0
82,1,3.501,2018.0,51.0,7.0,12.0,23.0
83,1,5.224,2018.0,82.0,13.0,21.0,15.0
84,1,4.011,2018.0,70.0,11.0,15.0,8.0
85,1,9.556000000000001,2018.0,96.0,15.0,17.0,21.0
86,1,4.183,2018.0,118.0,3.0,17.0,20.0
87,1,11.878,2018.0,56.0,12.0,7.0,12.0
88,1,2.051,2018.0,45.0,5.0,12.0,18.0
89,1,1.932,2018.0,44.0,6.0,13.0,15.0
90,1,2.468,2018.0,21.0,6.0,10.0,15.0
91,1,2.367,2019.0,58.0,1.0,16.0,14.0
92,1,7.299,2018.0,101.0,6.0,15.0,16.0
93,1,1.932,2018.0,55.0,6.0,11.0,24.0
94,1,1.855,2018.0,68.0,3.0,9.0,13.0
95,1,2.812,2019.0,48.0,5.0,9.0,23.0
96,1,5.405,2019.0,17.0,3.0,3.0,10.0
97,1,1.321,2018.0,40.0,3.0,8.0,12.0
98,1,2.279,2018.0,79.0,4.0,11.0,15.0
99,1,3.06,2018.0,24.0,1.0,15.0,14.0
100,1,7.271,2018.0,38.0,4.0,12.0,8.0
101,1,1.986,2018.0,82.0,3.0,10.0,17.0
102,1,9.556000000000001,2018.0,42.0,4.0,5.0,16.0
103,1,4.011,2018.0,66.0,5.0,10.0,17.0
104,1,3.67,2018.0,69.0,7.0,13.0,19.0
105,1,6.037000000000001,2018.0,60.0,4.0,11.0,11.0
106,1,11.878,2018.0,58.0,16.0,9.0,14.0
107,1,3.564,2018.0,60.0,4.0,19.0,6.0
108,1,1.609,2019.0,27.0,7.0,6.0,13.0
109,1,2.914,2018.0,56.0,5.0,13.0,14.0
110,1,1.111,2018.0,37.0,3.0,7.0,13.0
111,1,4.303999999999999,2018.0,42.0,6.0,10.0,14.0
112,1,1.834,2018.0,29.0,6.0,11.0,17.0
113,1,5.763,2018.0,40.0,3.0,8.0,13.0
114,1,1.834,2018.0,34.0,3.0,9.0,13.0
115,1,3.123,2018.0,42.0,13.0,7.0,20.0
116,1,13.297,2018.0,72.0,10.0,13.0,11.0
117,1,4.945,2018.0,54.0,7.0,10.0,16.0
118,1,1.984,2018.0,31.0,11.0,9.0,10.0
119,1,3.825,2018.0,34.0,6.0,10.0,23.0
120,1,2.468,2018.0,53.0,2.0,14.0,12.0
121,1,3.75,2019.0,52.0,5.0,8.0,16.0
122,1,3.664,2019.0,41.0,7.0,14.0,17.0
123,1,2.776,2018.0,69.0,15.0,22.0,19.0
124,1,2.776,2018.0,36.0,9.0,10.0,10.0
125,1,5.688,2018.0,51.0,7.0,15.0,18.0
126,1,3.06,2018.0,51.0,11.0,11.0,12.0
127,1,12.804,2018.0,48.0,9.0,10.0,11.0
128,1,3.759,2019.0,31.0,5.0,11.0,17.0
129,1,3.998,2019.0,69.0,9.0,12.0,10.0
130,1,2.371,2019.0,49.0,2.0,9.0,18.0
131,1,3.657,2019.0,30.0,4.0,13.0,14.0
132,1,3.436,2019.0,53.0,8.0,14.0,14.0
133,1,1.826,2019.0,21.0,6.0,7.0,22.0
134,1,12.121,2019.0,76.0,7.0,10.0,14.0
135,1,1.828,2019.0,27.0,4.0,7.0,13.0
136,1,6.27,2019.0,385.0,12.0,31.0,6.0
137,1,5.034,2019.0,23.0,5.0,12.0,9.0
138,1,2.823,2019.0,72.0,6.0,15.0,17.0
139,1,1.916,2019.0,61.0,2.0,12.0,12.0
140,1,3.342,2019.0,49.0,4.0,8.0,13.0
141,1,5.059,2019.0,41.0,3.0,10.0,7.0
142,1,1.903,2019.0,40.0,4.0,19.0,16.0
143,1,3.267,2019.0,27.0,4.0,15.0,11.0
144,1,6.27,2019.0,173.0,15.0,17.0,16.0
145,1,1.817,2019.0,23.0,45.0,11.0,18.0
146,1,1.903,2019.0,45.0,6.0,15.0,13.0
147,1,3.164,2018.0,38.0,7.0,12.0,12.0
148,1,3.267,2019.0,48.0,6.0,25.0,18.0
149,1,2.431,2019.0,119.0,3.0,13.0,11.0
150,1,1.817,2019.0,12.0,47.0,10.0,18.0
151,1,1.83,2019.0,60.0,4.0,13.0,11.0
152,1,1.977,2019.0,17.0,4.0,7.0,10.0
153,1,4.073,2019.0,46.0,3.0,11.0,11.0
154,1,3.998,2019.0,31.0,8.0,8.0,11.0
155,1,1.292,2019.0,37.0,4.0,12.0,14.0
156,1,3.057,2019.0,27.0,6.0,19.0,16.0
157,1,4.015,2019.0,85.0,4.0,15.0,7.0
158,1,1.661,2019.0,72.0,6.0,9.0,16.0
159,1,3.275,2019.0,30.0,2.0,18.0,14.0
160,1,12.121,2019.0,71.0,16.0,12.0,11.0
161,1,13.117,2019.0,36.0,6.0,8.0,12.0
162,1,1.205,2019.0,79.0,7.0,13.0,26.0
163,1,12.121,2019.0,62.0,12.0,9.0,14.0
164,1,7.238,2019.0,125.0,22.0,21.0,9.0
165,1,5.897,2019.0,20.0,6.0,7.0,16.0
166,1,4.486,2019.0,53.0,14.0,8.0,14.0
167,1,3.056,2019.0,50.0,7.0,9.0,15.0
168,1,2.74,2019.0,65.0,4.0,14.0,23.0
169,1,3.063,2019.0,56.0,3.0,9.0,9.0
170,1,2.58,2019.0,50.0,5.0,9.0,13.0
171,1,2.824,2019.0,30.0,8.0,7.0,12.0
172,1,7.08,2019.0,0.0,4.0,14.0,8.0
173,1,3.956,2019.0,29.0,8.0,8.0,14.0
174,1,4.092,2019.0,123.0,8.0,18.0,15.0
175,1,3.303,2019.0,20.0,7.0,7.0,23.0
176,1,7.08,2019.0,66.0,3.0,16.0,10.0
177,1,12.121,2019.0,49.0,4.0,10.0,15.0
178,1,1.673,2019.0,28.0,7.0,10.0,12.0
179,1,3.998,2019.0,24.0,7.0,11.0,17.0
180,1,3.441,2019.0,98.0,1.0,16.0,13.0
181,1,1.416,2019.0,43.0,4.0,14.0,23.0
182,1,2.206,2019.0,152.0,4.0,14.0,14.0
183,1,1.435,2019.0,22.0,8.0,5.0,14.0
184,1,2.919,2019.0,26.0,5.0,6.0,14.0
185,1,2.74,2019.0,40.0,9.0,11.0,14.0
186,1,12.121,2019.0,62.0,4.0,12.0,12.0
187,1,3.998,2019.0,54.0,8.0,16.0,19.0
188,1,5.014,2019.0,81.0,9.0,14.0,15.0
189,1,10.5,2019.0,36.0,12.0,20.0,15.0
190,1,3.758,2019.0,39.0,12.0,11.0,14.0
191,1,12.243,2008.0,56.0,6.0,15.0,9.0
192,1,3.587,2008.0,32.0,4.0,10.0,11.0
193,1,1.485,2008.0,38.0,2.0,9.0,12.0
194,1,2.136,2008.0,43.0,7.0,12.0,11.0
195,1,3.481,2008.0,42.0,3.0,11.0,10.0
196,1,6.342,2009.0,79.0,2.0,8.0,11.0
197,1,2.133,2009.0,22.0,4.0,4.0,10.0
198,1,4.355,2009.0,24.0,6.0,6.0,17.0
199,1,5.839,2009.0,43.0,6.0,10.0,22.0
200,1,4.864,2010.0,50.0,4.0,8.0,12.0
201,1,4.39,2009.0,40.0,5.0,9.0,11.0
202,1,0.9109999999999999,2009.0,16.0,7.0,4.0,14.0
203,1,2.31,2010.0,29.0,4.0,7.0,11.0
204,1,3.0,2010.0,47.0,4.0,11.0,11.0
205,1,4.351,2009.0,50.0,2.0,10.0,8.0
206,1,7.883,2010.0,38.0,3.0,8.0,14.0
207,1,9.437,2010.0,36.0,3.0,7.0,8.0
208,1,1.871,2010.0,24.0,3.0,7.0,16.0
209,1,7.883,2010.0,31.0,7.0,8.0,7.0
210,1,1.003,2010.0,31.0,2.0,5.0,15.0
211,1,2.39,2010.0,66.0,11.0,7.0,16.0
212,1,3.029,2010.0,60.0,5.0,11.0,14.0
213,1,2.382,2010.0,46.0,2.0,4.0,13.0
214,1,2.39,2010.0,132.0,1.0,12.0,11.0
215,1,3.607,2010.0,46.0,7.0,6.0,11.0
216,1,3.291,2010.0,31.0,4.0,4.0,12.0
217,1,7.695,2010.0,61.0,13.0,13.0,12.0
218,1,1.984,2012.0,27.0,5.0,8.0,8.0
219,1,1.984,2012.0,37.0,4.0,6.0,14.0
220,1,2.329,2012.0,20.0,3.0,6.0,14.0
221,1,1.984,2012.0,43.0,4.0,6.0,12.0
222,1,7.837000000000001,2012.0,48.0,1.0,9.0,14.0
223,1,4.346,2012.0,38.0,6.0,8.0,20.0
224,1,2.47,2012.0,25.0,3.0,6.0,10.0
225,1,3.492,2012.0,25.0,8.0,7.0,20.0
226,1,4.524,2012.0,20.0,8.0,7.0,18.0
227,1,2.582,2012.0,43.0,7.0,7.0,16.0
228,1,3.73,2012.0,26.0,10.0,6.0,19.0
229,1,1.728,2012.0,40.0,4.0,8.0,15.0
230,1,4.548,2012.0,45.0,6.0,10.0,18.0
231,1,35.749,2012.0,35.0,6.0,6.0,11.0
232,1,2.186,2012.0,85.0,5.0,12.0,18.0
233,1,4.524,2012.0,20.0,11.0,7.0,24.0
234,1,1.905,2012.0,24.0,5.0,8.0,9.0
235,1,1.984,2012.0,38.0,4.0,6.0,12.0
236,1,2.65,2012.0,28.0,5.0,8.0,23.0
237,1,2.204,2012.0,12.0,3.0,4.0,12.0
238,1,2.026,2012.0,26.0,4.0,4.0,6.0
239,1,3.945,2012.0,39.0,5.0,9.0,6.0
240,1,1.184,2012.0,52.0,4.0,11.0,18.0
241,1,1.867,2013.0,27.0,3.0,7.0,6.0
242,1,1.867,2013.0,38.0,3.0,6.0,9.0
243,1,1.644,2012.0,38.0,10.0,8.0,18.0
244,1,2.455,2012.0,38.0,4.0,9.0,12.0
245,1,3.705,2013.0,40.0,8.0,6.0,15.0
246,1,3.73,2012.0,38.0,3.0,10.0,15.0
247,1,1.867,2013.0,22.0,3.0,5.0,13.0
248,1,4.073,2012.0,121.0,6.0,13.0,17.0
249,1,1.867,2013.0,34.0,4.0,7.0,9.0
250,1,15.28,2012.0,38.0,15.0,13.0,15.0
251,1,4.867,2012.0,37.0,4.0,12.0,12.0
252,1,1.867,2013.0,32.0,4.0,6.0,11.0
253,1,3.578,2013.0,154.0,2.0,23.0,11.0
254,1,3.534,2013.0,40.0,6.0,5.0,11.0
255,1,3.534,2013.0,73.0,7.0,10.0,12.0
256,1,2.895,2013.0,35.0,6.0,8.0,18.0
257,1,2.869,2013.0,51.0,8.0,12.0,18.0
258,1,5.078,2013.0,33.0,3.0,9.0,9.0
259,1,3.534,2013.0,62.0,10.0,10.0,14.0
260,1,3.259,2013.0,40.0,6.0,7.0,17.0
261,1,2.585,2013.0,32.0,5.0,7.0,16.0
262,1,0.703,2013.0,53.0,3.0,11.0,17.0
263,1,2.327,2013.0,51.0,10.0,9.0,14.0
264,1,1.508,2013.0,168.0,5.0,13.0,13.0
265,1,3.976,2013.0,141.0,4.0,8.0,11.0
266,1,2.82,2013.0,49.0,4.0,8.0,14.0
267,1,2.326,2013.0,27.0,7.0,4.0,17.0
268,1,4.853,2013.0,70.0,4.0,9.0,12.0
269,1,2.433,2013.0,74.0,6.0,11.0,12.0
270,1,3.57,2014.0,33.0,7.0,7.0,11.0
271,1,3.205,2014.0,51.0,5.0,9.0,15.0
272,1,2.806,2013.0,25.0,2.0,7.0,18.0
273,1,3.473,2013.0,77.0,6.0,11.0,7.0
274,1,13.522,2013.0,79.0,2.0,10.0,8.0
275,1,4.602,2013.0,49.0,11.0,10.0,11.0
276,1,2.951,2013.0,28.0,10.0,14.0,18.0
277,1,5.811,2015.0,84.0,7.0,11.0,19.0
278,1,2.306,2014.0,26.0,6.0,9.0,17.0
279,1,36.503,2014.0,30.0,8.0,5.0,8.0
280,1,3.453,2014.0,54.0,6.0,8.0,18.0
281,1,4.829,2013.0,73.0,2.0,11.0,13.0
282,1,4.333,2014.0,62.0,5.0,10.0,14.0
283,1,3.017,2014.0,41.0,6.0,11.0,7.0
284,1,1.409,2014.0,30.0,5.0,4.0,19.0
285,1,5.968999999999999,2014.0,43.0,4.0,18.0,10.0
286,1,2.702,2014.0,56.0,10.0,8.0,12.0
287,1,2.858,2014.0,176.0,2.0,15.0,12.0
288,1,6.025,2014.0,60.0,5.0,10.0,19.0
289,1,4.074,2014.0,56.0,3.0,11.0,17.0
290,1,3.234,2014.0,47.0,3.0,11.0,10.0
291,1,3.423,2014.0,44.0,6.0,8.0,11.0
292,1,3.337,2014.0,43.0,6.0,11.0,19.0
293,1,3.234,2014.0,17.0,3.0,8.0,9.0
294,1,3.624,2014.0,49.0,8.0,9.0,18.0
295,1,1.69,2014.0,43.0,6.0,14.0,14.0
296,1,2.89,2014.0,39.0,2.0,9.0,15.0
297,1,1.638,2016.0,60.0,2.0,21.0,16.0
298,1,3.565,2014.0,45.0,5.0,10.0,22.0
299,1,5.577999999999999,2014.0,54.0,9.0,7.0,10.0
300,1,3.391,2014.0,95.0,5.0,11.0,10.0
301,1,1.496,2013.0,29.0,10.0,6.0,19.0
302,1,11.47,2014.0,34.0,4.0,6.0,8.0
303,1,3.073,2013.0,24.0,6.0,6.0,12.0
304,1,2.853,2014.0,133.0,6.0,29.0,13.0
305,1,2.801,2014.0,49.0,6.0,10.0,10.0
306,1,1.781,2014.0,60.0,5.0,8.0,30.0
307,1,2.509,2014.0,61.0,3.0,10.0,15.0
308,1,2.828,2014.0,48.0,6.0,16.0,14.0
309,1,1.454,2015.0,114.0,2.0,20.0,8.0
310,1,3.234,2014.0,30.0,6.0,10.0,11.0
311,1,1.68,2014.0,28.0,1.0,4.0,10.0
312,1,2.112,2014.0,57.0,10.0,18.0,12.0
313,1,3.234,2014.0,80.0,3.0,15.0,10.0
314,1,4.099,2014.0,95.0,2.0,12.0,11.0
315,1,2.656,2016.0,43.0,5.0,9.0,13.0
316,1,3.479,2014.0,49.0,5.0,8.0,15.0
317,1,2.386,2014.0,17.0,7.0,4.0,17.0
318,1,1.194,2015.0,19.0,4.0,10.0,13.0
319,1,3.614,2014.0,32.0,4.0,9.0,12.0
320,1,1.236,2014.0,110.0,5.0,16.0,12.0
321,1,3.234,2014.0,34.0,4.0,8.0,10.0
322,1,4.494,2014.0,35.0,6.0,7.0,13.0
323,1,2.098,2014.0,90.0,8.0,14.0,13.0
324,1,3.337,2014.0,34.0,12.0,10.0,11.0
325,1,3.043,2015.0,15.0,6.0,5.0,19.0
326,1,1.554,2014.0,33.0,11.0,7.0,10.0
327,1,3.353,2014.0,131.0,2.0,23.0,15.0
328,1,2.32,2014.0,60.0,4.0,9.0,16.0
329,1,9.328,2015.0,63.0,1.0,11.0,8.0
330,1,5.947,2015.0,84.0,9.0,18.0,10.0
331,1,1.508,2015.0,32.0,5.0,5.0,17.0
332,1,3.234,2014.0,69.0,12.0,21.0,13.0
333,1,3.902,2015.0,112.0,3.0,22.0,7.0
334,1,2.69,2015.0,32.0,11.0,11.0,32.0
335,1,2.035,2015.0,35.0,8.0,16.0,18.0
336,1,6.343999999999999,2015.0,49.0,7.0,13.0,23.0
337,1,2.447,2015.0,26.0,1.0,14.0,15.0
338,1,5.228,2015.0,53.0,5.0,11.0,19.0
339,1,5.992000000000001,2015.0,44.0,7.0,9.0,15.0
340,1,2.298,2015.0,16.0,4.0,7.0,13.0
341,1,1.816,2015.0,33.0,4.0,7.0,16.0
342,1,2.491,2015.0,29.0,8.0,8.0,29.0
343,1,4.165,2015.0,52.0,9.0,9.0,11.0
344,1,2.45,2015.0,35.0,15.0,5.0,14.0
345,1,3.603,2015.0,67.0,8.0,12.0,27.0
346,1,2.049,2015.0,55.0,1.0,11.0,9.0
347,1,3.772,2016.0,25.0,9.0,7.0,17.0
348,1,11.551,2015.0,54.0,19.0,14.0,25.0
349,1,1.329,2015.0,14.0,12.0,7.0,17.0
350,1,3.057,2015.0,25.0,12.0,15.0,13.0
351,1,9.857999999999999,2015.0,107.0,3.0,8.0,13.0
352,1,1.972,2014.0,86.0,5.0,9.0,18.0
353,1,3.057,2015.0,39.0,10.0,16.0,13.0
354,1,4.427,2015.0,37.0,10.0,12.0,13.0
355,1,2.653,2015.0,49.0,4.0,12.0,18.0
356,1,3.265,2015.0,20.0,10.0,7.0,23.0
357,1,2.033,2015.0,29.0,2.0,12.0,12.0
358,1,5.671,2015.0,37.0,9.0,10.0,16.0
359,1,1.559,2015.0,41.0,6.0,10.0,10.0
360,1,5.462999999999999,2015.0,69.0,4.0,13.0,16.0
361,1,2.902,2015.0,52.0,5.0,12.0,12.0
362,1,4.609,2016.0,38.0,3.0,8.0,22.0
363,1,3.079,2015.0,20.0,5.0,5.0,21.0
364,1,1.599,2015.0,16.0,8.0,4.0,17.0
365,1,4.638,2015.0,49.0,12.0,9.0,15.0
366,1,3.057,2015.0,53.0,6.0,12.0,9.0
367,1,5.985,2015.0,35.0,6.0,15.0,15.0
368,1,2.76,2015.0,27.0,4.0,10.0,16.0
369,1,4.052,2015.0,28.0,10.0,6.0,9.0
370,1,4.667,2015.0,81.0,7.0,13.0,14.0
371,1,43.113,2015.0,18.0,6.0,3.0,9.0
372,1,4.078,2015.0,46.0,9.0,11.0,19.0
373,1,2.187,2015.0,46.0,7.0,12.0,14.0
374,1,35.267,2015.0,23.0,8.0,4.0,10.0
375,1,6.321,2015.0,17.0,4.0,5.0,12.0
376,1,4.609,2016.0,31.0,4.0,5.0,19.0
377,1,3.698,2015.0,32.0,6.0,7.0,16.0
378,1,5.157999999999999,2015.0,40.0,6.0,7.0,16.0
379,1,4.409,2015.0,58.0,3.0,12.0,18.0
380,1,8.736,2015.0,28.0,9.0,7.0,13.0
381,1,3.759,2016.0,19.0,10.0,9.0,14.0
382,1,2.134,2015.0,17.0,4.0,4.0,18.0
383,1,2.134,2015.0,31.0,4.0,6.0,19.0
384,1,1.329,2016.0,26.0,8.0,12.0,8.0
385,1,6.75,2015.0,35.0,8.0,7.0,16.0
386,1,3.093,2016.0,40.0,3.0,10.0,20.0
387,1,1.883,2015.0,58.0,10.0,7.0,19.0
388,1,11.329,2015.0,36.0,2.0,7.0,13.0
389,1,4.208,2016.0,38.0,3.0,7.0,12.0
390,1,4.164,2016.0,41.0,5.0,11.0,11.0
391,1,4.208,2016.0,43.0,7.0,7.0,9.0
392,1,5.228,2015.0,27.0,12.0,8.0,14.0
393,1,7.06,2015.0,16.0,5.0,2.0,15.0
394,1,7.277,2016.0,39.0,13.0,13.0,26.0
395,1,3.759,2016.0,24.0,10.0,9.0,16.0
396,1,3.057,2015.0,35.0,3.0,13.0,17.0
397,1,7.87,2015.0,28.0,9.0,10.0,17.0
398,1,3.671,2016.0,23.0,2.0,9.0,9.0
399,1,3.076,2016.0,122.0,2.0,19.0,6.0
400,1,2.787,2015.0,77.0,6.0,13.0,8.0
401,1,4.521,2016.0,20.0,20.0,10.0,18.0
402,1,2.806,2016.0,50.0,9.0,15.0,17.0
403,1,3.32,2016.0,42.0,2.0,10.0,20.0
404,1,4.208,2016.0,47.0,6.0,8.0,18.0
405,1,4.302,2016.0,26.0,14.0,6.0,12.0
406,1,2.265,2016.0,37.0,2.0,6.0,17.0
407,1,3.431,2016.0,22.0,4.0,4.0,10.0
408,1,15.402,2016.0,122.0,5.0,15.0,11.0
409,1,3.002,2016.0,54.0,8.0,9.0,11.0
410,1,4.811,2016.0,27.0,4.0,9.0,13.0
411,1,5.167999999999999,2016.0,36.0,4.0,17.0,20.0
412,1,4.076,2016.0,63.0,6.0,15.0,13.0
413,1,2.861,2016.0,74.0,8.0,14.0,17.0
414,1,4.095,2017.0,91.0,3.0,7.0,9.0
415,1,9.89,2016.0,58.0,7.0,9.0,9.0
416,1,3.41,2016.0,204.0,4.0,21.0,15.0
417,1,1.771,2016.0,81.0,4.0,10.0,17.0
418,1,6.065,2016.0,47.0,7.0,12.0,18.0
419,1,5.788,2016.0,67.0,7.0,14.0,19.0
420,1,9.122,2016.0,20.0,12.0,6.0,18.0
421,1,5.835,2016.0,57.0,4.0,10.0,16.0
422,1,3.131,2016.0,36.0,10.0,8.0,18.0
423,1,6.032,2016.0,25.0,12.0,6.0,11.0
424,1,3.035,2016.0,72.0,8.0,9.0,9.0
425,1,4.233,2016.0,42.0,12.0,9.0,12.0
426,1,3.526,2016.0,53.0,3.0,9.0,23.0
427,1,2.509,2017.0,47.0,8.0,9.0,29.0
428,1,4.258999999999999,2016.0,47.0,4.0,11.0,10.0
429,1,40.137,2016.0,42.0,7.0,13.0,11.0
430,1,2.265,2016.0,57.0,6.0,13.0,26.0
431,1,2.466,2016.0,18.0,9.0,7.0,18.0
432,1,8.339,2016.0,91.0,2.0,11.0,12.0
433,1,4.53,2016.0,78.0,5.0,10.0,12.0
434,1,6.857,2016.0,35.0,12.0,14.0,19.0
435,1,3.834,2016.0,82.0,14.0,31.0,24.0
436,1,2.611,2016.0,104.0,9.0,13.0,11.0
437,1,3.117,2017.0,40.0,9.0,12.0,18.0
438,1,6.189,2016.0,55.0,4.0,8.0,19.0
439,1,5.099,2016.0,32.0,10.0,5.0,9.0
440,1,3.423,2016.0,19.0,5.0,12.0,13.0
441,1,2.602,2016.0,101.0,10.0,21.0,17.0
442,1,2.741,2016.0,148.0,4.0,11.0,16.0
443,1,4.825,2016.0,36.0,4.0,9.0,15.0
444,1,4.258999999999999,2016.0,47.0,11.0,10.0,15.0
445,1,2.18,2016.0,46.0,9.0,9.0,10.0
446,1,11.561,2017.0,72.0,8.0,16.0,11.0
447,1,4.258999999999999,2016.0,53.0,3.0,11.0,17.0
448,1,3.117,2017.0,73.0,5.0,14.0,10.0
449,1,2.673,2016.0,35.0,6.0,12.0,20.0
450,1,2.52,2016.0,23.0,5.0,7.0,8.0
451,1,2.356,2016.0,30.0,9.0,6.0,18.0
452,1,4.427,2017.0,21.0,5.0,8.0,8.0
453,1,4.258999999999999,2016.0,51.0,11.0,13.0,13.0
454,1,5.157999999999999,2017.0,37.0,2.0,9.0,10.0
455,1,4.61,2017.0,43.0,9.0,9.0,13.0
456,1,3.235,2016.0,45.0,7.0,9.0,10.0
457,1,3.857,2017.0,55.0,5.0,16.0,12.0
458,1,5.574,2018.0,71.0,10.0,8.0,13.0
459,1,8.806000000000001,2017.0,56.0,6.0,13.0,24.0
460,1,8.173,2017.0,34.0,8.0,7.0,13.0
461,1,3.125,2017.0,40.0,4.0,8.0,9.0
462,1,1.315,2017.0,33.0,6.0,6.0,13.0
463,1,4.098,2017.0,40.0,2.0,8.0,16.0
464,1,4.122,2017.0,40.0,9.0,7.0,20.0
465,1,2.213,2017.0,71.0,6.0,11.0,13.0
466,1,0.85,2017.0,43.0,4.0,11.0,12.0
467,1,2.655,2017.0,173.0,5.0,14.0,8.0
468,1,11.021,2017.0,84.0,2.0,14.0,11.0
469,1,3.818,2017.0,128.0,3.0,13.0,13.0
470,1,15.211,2017.0,57.0,14.0,31.0,14.0
471,1,4.122,2017.0,44.0,6.0,8.0,9.0
472,1,1.804,2017.0,29.0,5.0,9.0,17.0
473,1,4.204,2017.0,11.0,8.0,7.0,20.0
474,1,2.839,2017.0,18.0,12.0,5.0,23.0
475,1,7.652,2017.0,37.0,9.0,7.0,18.0
476,1,12.353,2017.0,39.0,7.0,7.0,11.0
477,1,4.196,2017.0,40.0,11.0,13.0,10.0
478,1,1.822,2017.0,29.0,7.0,7.0,15.0
479,1,9.144,2015.0,40.0,13.0,7.0,14.0
480,1,3.125,2017.0,27.0,4.0,8.0,20.0
481,1,2.195,2018.0,26.0,3.0,5.0,17.0
482,1,2.654,2016.0,35.0,8.0,14.0,10.0
483,1,5.426,2017.0,117.0,4.0,13.0,11.0
484,1,11.64,2017.0,34.0,14.0,8.0,8.0
485,1,31.398,2017.0,60.0,20.0,22.0,9.0
486,1,2.465,2017.0,78.0,4.0,10.0,16.0
487,1,4.098,2018.0,40.0,8.0,12.0,10.0
488,1,4.916,2018.0,26.0,8.0,7.0,13.0
489,1,1.797,2017.0,34.0,4.0,18.0,11.0
490,1,4.44,2018.0,50.0,8.0,12.0,10.0
491,1,1.931,2018.0,18.0,5.0,8.0,12.0
492,1,5.589,2018.0,47.0,7.0,8.0,13.0
493,1,4.285,2018.0,0.0,95.0,1.0,18.0
494,1,4.528,2018.0,65.0,3.0,7.0,9.0
495,1,5.589,2018.0,88.0,3.0,11.0,15.0
496,1,6.142,2018.0,53.0,20.0,12.0,10.0
497,1,5.714,2018.0,51.0,5.0,10.0,18.0
498,1,5.256,2018.0,28.0,7.0,7.0,14.0
499,1,2.324,2018.0,14.0,5.0,5.0,19.0
500,1,3.298,2018.0,59.0,9.0,10.0,15.0
501,1,5.589,2018.0,68.0,7.0,12.0,12.0
502,1,2.401,2018.0,49.0,6.0,9.0,11.0
503,1,7.65,2018.0,43.0,9.0,10.0,18.0
504,1,5.206,2018.0,65.0,4.0,14.0,23.0
505,1,5.928999999999999,2018.0,25.0,6.0,9.0,10.0
506,1,5.589,2018.0,56.0,9.0,10.0,13.0
507,1,2.335,2018.0,38.0,5.0,7.0,18.0
508,1,7.815,2018.0,59.0,8.0,10.0,22.0
509,1,3.634,2018.0,47.0,11.0,9.0,8.0
510,1,4.011,2018.0,68.0,7.0,9.0,15.0
511,1,5.785,2018.0,41.0,6.0,14.0,6.0
512,1,4.473,2018.0,31.0,9.0,9.0,11.0
513,1,3.782,2018.0,44.0,3.0,10.0,15.0
514,1,5.399,2018.0,40.0,5.0,9.0,20.0
515,1,11.878,2018.0,37.0,6.0,7.0,13.0
516,1,2.056,2018.0,35.0,7.0,7.0,15.0
517,1,4.213,2018.0,57.0,7.0,10.0,13.0
518,1,7.912999999999999,2018.0,138.0,4.0,17.0,14.0
519,1,4.393,2018.0,18.0,2.0,5.0,19.0
520,1,2.796,2018.0,47.0,5.0,8.0,14.0
521,1,2.832,2018.0,33.0,6.0,4.0,15.0
522,1,2.129,2018.0,51.0,3.0,12.0,14.0
523,1,5.256,2018.0,39.0,8.0,9.0,22.0
524,1,9.038,2019.0,46.0,6.0,8.0,17.0
525,1,2.95,2018.0,57.0,4.0,8.0,8.0
526,1,9.038,2019.0,62.0,10.0,11.0,18.0
527,1,5.339,2019.0,33.0,9.0,9.0,12.0
528,1,2.889,2019.0,35.0,4.0,8.0,8.0
529,1,2.067,2019.0,65.0,3.0,12.0,18.0
530,1,3.044,2019.0,58.0,3.0,8.0,16.0
531,1,6.551,2019.0,61.0,7.0,14.0,16.0
532,1,2.067,2019.0,26.0,6.0,7.0,9.0
533,1,3.871,2019.0,97.0,5.0,14.0,19.0
534,1,4.324,2019.0,38.0,8.0,12.0,20.0
535,1,2.889,2019.0,29.0,3.0,5.0,11.0
536,1,5.778,2019.0,55.0,6.0,10.0,17.0
537,1,6.551,2019.0,65.0,6.0,9.0,26.0
538,1,6.551,2019.0,44.0,8.0,6.0,8.0
539,1,2.49,2019.0,38.0,7.0,6.0,14.0
540,1,3.655,2019.0,69.0,4.0,11.0,18.0
541,1,6.159,2019.0,45.0,7.0,7.0,17.0
542,1,4.236,2019.0,72.0,10.0,16.0,18.0
543,1,5.778,2019.0,64.0,8.0,10.0,21.0
544,1,4.872,2019.0,35.0,8.0,7.0,14.0
545,1,2.067,2019.0,209.0,1.0,20.0,15.0
546,1,9.038,2019.0,45.0,9.0,9.0,19.0
547,1,3.496,2019.0,117.0,3.0,13.0,23.0
548,1,3.263,2019.0,29.0,9.0,9.0,10.0
549,1,3.056,2019.0,50.0,6.0,12.0,9.0
550,1,5.647,2019.0,33.0,5.0,7.0,14.0
551,1,1.877,2019.0,167.0,2.0,15.0,10.0
552,1,3.707,2019.0,97.0,6.0,18.0,20.0
553,1,3.915,2019.0,189.0,5.0,18.0,11.0
0,0,2.676,2017.0,50.0,8.0,10.0,13.0
1,0,5.949,2017.0,102.0,14.0,21.0,11.0
2,0,10.951,2018.0,84.0,2.0,15.0,13.0
3,0,2.668333333333333,2017.6666666666667,59.333333333333336,10.666666666666666,12.333333333333334,16.666666666666668
4,0,4.962,2015.0,33.0,9.0,10.0,17.0
5,0,3.138,2016.5,41.5,2.0,7.5,19.0
6,0,1.806,2017.0,62.0,4.0,10.0,11.0
7,0,3.694,2015.0,61.0,9.5,13.0,12.0
8,0,2.252837837837838,2016.4324324324325,57.24324324324324,3.189189189189189,16.10810810810811,10.91891891891892
9,0,0.621,2016.0,20.0,8.0,4.0,17.0
10,0,3.077,2017.0,31.0,4.0,9.0,18.0
11,0,8.386000000000001,2018.0,70.0,4.0,20.0,19.0
12,0,3.631,2018.0,58.0,5.0,8.0,15.0
13,0,3.0656666666666665,2016.3333333333333,25.666666666666668,6.333333333333333,8.333333333333334,13.0
14,0,2.72,2019.0,31.0,4.0,5.0,8.0
15,0,12.353,2017.0,75.0,8.0,14.0,7.0
16,0,4.011,2018.0,57.0,11.0,12.0,17.0
17,0,2.442,2017.0,23.0,5.0,8.0,12.5
18,0,2.473,2016.0,38.0,2.0,10.0,22.0
19,0,3.6592,2017.8,51.6,6.0,11.0,21.0
20,0,8.386000000000001,2018.0,70.0,4.0,20.0,19.0
21,0,2.662,2018.0,75.0,4.0,17.0,11.0
22,0,3.37,2017.0,34.0,2.0,8.0,12.0
23,0,2.136,2016.0,39.0,4.0,5.0,11.0
24,0,2.032,2018.0,37.0,4.5,10.5,20.0
25,0,6.689,2017.0,31.0,5.0,9.0,14.0
26,0,3.1845,2016.0,89.5,2.5,11.5,17.5
27,0,2.162,2019.0,19.0,6.0,10.0,13.0
28,0,2.97,2018.0,62.0,5.666666666666667,13.0,16.333333333333332
29,0,3.3315,2018.5,96.5,7.0,11.0,17.0
30,0,4.451000000000001,2018.0,49.0,6.0,8.0,12.0
31,0,9.193,2018.0,49.0,4.0,9.0,7.0
32,0,2.77,2018.0,28.0,4.0,4.0,9.0
33,0,4.544666666666667,2016.4166666666667,40.833333333333336,5.333333333333333,6.166666666666667,12.416666666666666
34,0,2.97,2018.3333333333333,38.333333333333336,5.666666666666667,9.666666666666666,14.0
35,0,4.137,2017.0,126.0,5.0,18.0,18.0
36,0,3.621,2017.5,33.0,5.5,11.25,13.75
37,0,5.4345,2016.0,43.0,4.5,10.0,13.5
38,0,2.907,2019.0,37.0,6.0,12.0,11.0
39,0,1.505,2018.0,21.0,6.0,10.0,12.0
40,0,2.442,2017.0,23.0,5.0,8.0,12.5
41,0,2.946,2018.0,93.0,12.0,15.0,20.0
42,0,3.385,2019.0,73.0,3.0,14.0,14.0
43,0,3.53,2019.0,30.0,5.0,9.0,12.0
44,0,2.97,2018.3333333333333,38.333333333333336,5.666666666666667,9.666666666666666,14.0
45,0,3.998,2019.0,10.0,14.0,11.0,12.0
46,0,4.122,2017.0,78.0,6.0,13.0,10.0
47,0,4.4345,2016.0,37.5,1.5,10.0,9.5
48,0,1.444,2016.0,27.0,2.0,15.0,14.0
49,0,4.201000000000001,2016.0,83.0,1.0,21.0,11.0
50,0,1.921,2017.3333333333333,68.33333333333333,3.0,22.0,9.666666666666666
51,0,3.687,2017.0,38.0,3.0,12.0,27.0
52,0,1.0903333333333334,2016.0,34.0,1.0,13.333333333333334,6.333333333333333
53,0,2.1535,2016.5,43.0,5.5,12.0,29.0
54,0,1.0,2016.0,97.0,3.0,24.0,14.0
55,0,1.8094999999999999,2017.0,65.0,5.5,13.5,13.0
56,0,0.943,2018.0,40.0,18.0,8.0,32.0
57,0,2.218,2018.0,53.0,5.0,11.0,15.0
58,0,4.122,2017.0,78.0,6.0,13.0,10.0
59,0,2.4505,2017.0,50.5,3.0,10.5,12.5
60,0,2.432,2017.0,87.0,2.0,20.0,12.0
61,0,3.998,2019.0,10.0,14.0,11.0,12.0
62,0,4.361000000000001,2017.0,78.0,2.0,17.0,9.0
63,0,3.77,2017.0,111.0,5.0,10.0,10.0
64,0,2.193,2017.0,39.0,7.0,6.0,26.0
65,0,2.909,2017.0,43.0,5.5,9.0,7.5
66,0,4.282,2019.0,80.0,7.0,15.0,16.0
67,0,2.97,2018.3333333333333,38.333333333333336,5.666666666666667,9.666666666666666,14.0
68,0,1.4585,2018.5,95.0,3.5,13.0,16.0
69,0,5.145,2019.0,35.0,10.0,10.5,20.5
70,0,1.184,2018.0,11.0,5.0,2.0,13.0
71,0,1.822,2019.0,29.0,7.0,12.0,23.0
72,0,1.5973333333333333,2018.3333333333333,27.666666666666668,6.666666666666667,9.666666666666666,16.333333333333332
73,0,5.093000000000001,2018.1666666666667,48.833333333333336,4.5,8.333333333333334,13.166666666666666
74,0,2.022,2018.0,49.0,3.0,12.0,12.0
75,0,4.069,2019.0,15.0,5.0,7.0,12.0
76,0,9.412,2019.0,46.0,7.0,10.0,15.0
77,0,1.618,2019.0,13.0,4.0,3.0,29.0
78,0,3.224,2018.0,92.0,6.0,12.0,15.0
79,0,3.641,2019.0,45.0,3.0,9.0,9.0
80,0,2.766,2017.0,65.0,8.0,16.0,9.0
81,0,5.265499999999999,2017.5,84.0,3.5,11.5,12.5
82,0,3.53,2019.0,30.0,5.0,9.0,12.0
83,0,3.759,2019.0,79.0,2.0,10.0,12.0
84,0,6.6419999999999995,2018.5,115.0,9.5,27.0,13.5
85,0,3.221,2017.0,79.0,7.0,24.0,20.0
86,0,9.58,2018.0,57.0,6.0,10.0,10.0
87,0,6.161999999999999,2018.0,65.0,8.5,11.0,11.5
88,0,2.768,2018.0,70.0,7.0,20.0,16.0
89,0,3.6592,2017.8,51.6,6.0,11.0,21.0
90,0,5.844571428571429,2018.2857142857142,55.57142857142857,5.142857142857143,9.285714285714286,12.285714285714286
91,0,1.6306666666666667,2017.3333333333333,47.0,1.0,23.333333333333332,12.333333333333334
92,0,26.4705,2018.0,48.5,12.0,8.5,12.0
93,0,1.5139999999999998,2017.0,71.5,6.0,11.5,13.5
94,0,3.372666666666667,2018.0,63.0,7.333333333333333,12.666666666666666,12.333333333333334
95,0,1.513,2019.0,21.0,4.0,6.0,11.0
96,0,8.4075,2018.0,70.5,10.0,10.5,12.0
97,0,1.163,2017.0,44.0,2.0,8.0,13.0
98,0,1.3195999999999999,2016.6,51.4,1.6,14.2,11.4
99,0,3.906,2017.0,84.0,6.0,13.0,15.0
100,0,2.74,2019.0,66.0,5.0,18.0,15.0
101,0,3.6592,2017.8,51.6,6.0,11.0,21.0
102,0,4.857,2019.0,32.0,5.0,4.0,10.0
103,0,4.282,2019.0,80.0,7.0,15.0,16.0
104,0,3.53,2019.0,30.0,5.0,9.0,12.0
105,0,5.025,2019.0,59.0,5.0,14.5,20.5
106,0,6.161999999999999,2018.0,65.0,8.5,11.0,11.5
107,0,0.8140000000000001,2017.0,57.0,2.0,35.0,4.0
108,0,6.851,2018.0,32.0,6.0,10.0,9.0
109,0,4.8905,2017.75,62.0,7.5,10.5,19.25
110,0,1.495,2019.0,29.0,4.0,5.0,10.0
111,0,4.459,2017.0,36.0,5.0,13.0,15.0
112,0,2.957,2018.0,33.0,4.0,8.0,9.0
113,0,3.869,2019.0,48.0,9.0,12.0,14.0
114,0,2.957,2018.0,33.0,4.0,8.0,9.0
115,0,5.28,2019.0,72.0,7.0,13.0,16.0
116,0,6.68307142857143,2018.357142857143,60.285714285714285,8.142857142857142,10.785714285714286,10.142857142857142
117,0,1.847,2017.0,39.5,2.5,7.0,14.5
118,0,2.275,2017.0,33.0,13.0,8.0,13.0
119,0,2.97,2018.3333333333333,38.333333333333336,5.666666666666667,9.666666666666666,14.0
120,0,2.6798,2018.0,67.8,4.8,15.4,12.4
121,0,2.0,2018.0,30.0,2.0,6.0,22.0
122,0,6.762,2018.0,36.0,9.0,11.0,11.0
123,0,3.111,2018.0,10.5,3.0,3.5,13.5
124,0,3.998,2019.0,43.0,12.0,8.0,10.0
125,0,4.605,2019.0,59.0,5.0,18.0,13.0
126,0,4.268,2019.0,26.0,10.0,7.0,8.0
127,0,22.69083333333333,2018.1666666666667,54.666666666666664,12.5,9.5,9.5
128,0,4.183,2018.0,34.0,6.0,9.0,12.0
129,0,3.707,2019.0,53.0,5.0,17.0,15.0
130,0,3.951,2019.0,44.0,2.0,7.0,18.0
131,0,11.337,2019.0,71.0,28.0,14.0,13.0
132,0,7.374499999999999,2018.25,58.0,6.25,11.75,12.75
133,0,2.7835,2019.0,17.5,7.5,6.5,20.0
134,0,1.199,2018.0,16.0,4.0,6.0,9.0
135,0,0.517,2019.0,20.0,3.0,10.0,9.0
136,0,11.337,2019.0,69.0,15.0,15.0,14.0
137,0,4.082000000000001,2018.75,41.5,3.25,13.5,11.25
138,0,3.647,2018.2,56.6,10.6,14.2,13.4
139,0,2.8043333333333336,2019.0,49.333333333333336,44.666666666666664,8.333333333333334,13.333333333333334
140,0,5.876,2019.0,79.0,5.0,13.0,17.0
141,0,3.563333333333333,2018.0,32.666666666666664,3.0,6.0,9.666666666666666
142,0,2.468,2018.0,89.0,5.0,15.0,23.0
143,0,2.3795,2018.5,87.5,3.5,28.0,8.5
144,0,11.337,2019.0,69.0,15.0,15.0,14.0
145,0,2.957,2018.0,33.0,4.0,8.0,9.0
146,0,2.468,2018.0,89.0,5.0,15.0,23.0
147,0,4.007666666666666,2018.6666666666667,45.333333333333336,5.666666666666667,12.0,13.666666666666666
148,0,1.728,2019.0,36.0,6.0,14.0,24.0
149,0,4.048,2018.0,78.0,4.0,7.0,18.0
150,0,2.957,2018.0,33.0,4.0,8.0,9.0
151,0,3.031,2019.0,19.0,2.0,14.0,21.0
152,0,3.9,2019.0,73.0,3.0,8.0,16.0
153,0,3.056,2019.0,41.0,3.0,5.0,9.0
154,0,9.152090909090909,2018.5454545454545,46.81818181818182,6.909090909090909,10.272727272727273,11.363636363636363
155,0,2.0725,2018.5,48.0,2.5,11.0,14.5
156,0,0.67,2019.0,37.0,6.0,9.0,16.0
157,0,6.775333333333333,2018.6666666666667,58.0,6.666666666666667,16.333333333333332,13.0
158,0,1.916,2019.0,96.0,5.0,18.0,10.0
159,0,4.158666666666666,2019.0,33.0,4.0,16.0,11.0
160,0,6.0535,2019.0,70.5,11.0,14.0,17.5
161,0,8.253,2018.0,43.666666666666664,8.0,8.666666666666666,15.0
162,0,4.901,2019.0,48.0,7.0,16.0,29.0
163,0,6.161999999999999,2018.0,65.0,8.5,11.0,11.5
164,0,6.0535,2019.0,70.5,11.0,14.0,17.5
165,0,2.938,2019.0,10.0,3.0,3.0,12.0
166,0,2.8720000000000003,2018.2222222222222,56.333333333333336,8.88888888888889,10.222222222222221,15.222222222222221
167,0,4.8035,2019.0,37.0,8.0,9.0,15.0
168,0,2.9494999999999996,2019.0,44.0,6.0,9.5,20.5
169,0,3.7095,2018.1666666666667,39.333333333333336,4.666666666666667,8.0,14.0
170,0,3.7095,2018.1666666666667,39.333333333333336,4.666666666666667,8.0,14.0
171,0,5.022,2019.0,20.5,9.5,5.0,18.0
172,0,2.705,2018.0,26.0,3.0,6.0,10.0
173,0,5.042999999999999,2019.0,130.5,6.0,20.0,16.0
174,0,4.641764705882354,2018.9411764705883,92.05882352941177,7.882352941176471,18.941176470588236,13.529411764705882
175,0,2.291884615384615,2018.5,40.84615384615385,6.461538461538462,8.73076923076923,18.115384615384617
176,0,6.79525,2018.25,64.0,2.75,8.25,9.5
177,0,10.3595,2018.75,60.0,4.75,10.25,11.5
178,0,1.812,2018.0,40.0,6.0,10.0,16.5
179,0,2.291884615384615,2018.5,40.84615384615385,6.461538461538462,8.73076923076923,18.115384615384617
180,0,2.776,2018.0,131.0,10.0,24.0,17.0
181,0,2.297,2019.0,12.0,15.0,5.0,19.0
182,0,4.183,2018.0,34.0,6.0,9.0,12.0
183,0,0.7075,2018.0,24.0,7.5,5.5,16.5
184,0,10.317,2019.0,86.0,6.0,8.0,15.0
185,0,4.901,2019.0,48.0,7.0,16.0,29.0
186,0,21.722,2018.0,103.0,9.0,9.0,6.0
187,0,9.78,2019.0,35.0,3.0,13.0,15.0
188,0,4.641764705882354,2018.9411764705883,92.05882352941177,7.882352941176471,18.941176470588236,13.529411764705882
189,0,2.567,2018.0,59.0,3.0,13.0,17.0
190,0,2.74,2019.0,45.0,13.0,16.0,17.0
191,0,12.075,2009.0,43.0,3.0,12.0,12.0
192,0,1.921,2010.0,60.0,2.0,11.0,14.0
193,0,2.5854999999999997,2008.5,48.0,4.5,8.5,14.0
194,0,4.5040000000000004,2010.0,38.0,6.5,7.5,10.5
195,0,2.837,2009.0,40.0,4.0,13.5,8.0
196,0,2.223,2009.0,71.0,2.0,10.0,13.0
197,0,1.8176666666666668,2008.3333333333333,23.0,4.333333333333333,5.333333333333333,11.666666666666666
198,0,1.8176666666666668,2008.3333333333333,23.0,4.333333333333333,5.333333333333333,11.666666666666666
199,0,4.271,2009.0,92.0,5.0,13.0,3.0
200,0,1.893,2009.0,25.0,13.0,6.0,14.0
201,0,0.843,2010.0,29.0,9.0,7.0,13.0
202,0,3.2695000000000003,2008.0,27.833333333333332,7.166666666666667,5.166666666666667,17.0
203,0,5.96,2009.0,51.0,3.0,6.0,8.0
204,0,5.063666666666666,2009.6666666666667,82.0,5.333333333333333,10.666666666666666,15.333333333333334
205,0,6.8635,2008.0,43.5,2.0,13.5,12.0
206,0,5.874,2010.0,38.0,2.0,8.0,12.5
207,0,18.4685,2008.0,41.5,8.5,7.5,11.0
208,0,3.6813333333333333,2011.3333333333333,48.666666666666664,4.666666666666667,7.666666666666667,11.0
209,0,4.224,2009.0,41.0,9.0,6.0,15.0
210,0,3.04,2010.0,65.0,3.0,8.0,22.0
211,0,1.0819999999999999,2010.0,40.75,8.75,6.25,13.25
212,0,1.8853333333333333,2009.3333333333333,22.5,4.5,9.166666666666666,10.5
213,0,3.168,2009.0,48.0,4.0,12.0,17.0
214,0,1.0819999999999999,2010.0,40.75,8.75,6.25,13.25
215,0,5.101,2010.0,28.0,6.0,7.0,10.0
216,0,1.8385,2009.5,29.0,4.0,4.5,15.0
217,0,3.986,2010.0,66.0,6.0,6.0,10.0
218,0,3.6813333333333333,2011.3333333333333,48.666666666666664,4.666666666666667,7.666666666666667,11.0
219,0,1.772,2012.0,45.0,4.0,5.0,10.0
220,0,1.9975,2012.0,40.5,4.0,8.0,15.0
221,0,1.772,2012.0,45.0,4.0,5.0,10.0
222,0,1.384,2010.0,99.0,2.0,16.0,10.0
223,0,3.65,2013.0,42.0,6.0,10.0,14.0
224,0,19.5565,2012.0,29.5,6.0,5.0,9.0
225,0,6.304,2013.0,110.5,4.0,15.5,19.5
226,0,3.725,2013.0,22.0,12.0,8.0,14.0
227,0,2.951,2013.0,35.5,6.0,7.0,12.0
228,0,14.976,2013.0,52.0,16.0,11.0,15.0
229,0,2.4165,2012.5,46.0,6.0,9.5,18.5
230,0,5.785,2013.0,50.0,9.0,15.0,18.0
231,0,13.025,2012.0,40.0,12.0,7.0,7.0
232,0,4.5520000000000005,2012.6666666666667,51.0,7.333333333333333,7.666666666666667,14.0
233,0,3.725,2013.0,22.0,12.0,8.0,14.0
234,0,1.64,2013.0,22.0,6.0,8.0,10.0
235,0,1.772,2012.0,45.0,4.0,5.0,10.0
236,0,6.31,2013.0,40.0,10.0,10.0,15.0
237,0,6.252000000000001,2012.0,65.0,10.0,11.0,8.0
238,0,4.5705,2013.0,70.0,3.5,9.5,14.0
239,0,3.687,2012.0,34.5,5.0,9.5,13.5
240,0,2.32,2014.0,51.0,5.0,8.0,15.0
241,0,1.772,2012.0,45.0,4.0,5.0,10.0
242,0,1.772,2012.0,45.0,4.0,5.0,10.0
243,0,3.22425,2013.75,41.5,6.0,8.25,17.25
244,0,2.099,2013.0,30.0,7.0,9.0,12.0
245,0,2.979,2012.0,76.0,8.0,18.0,14.0
246,0,12.812,2012.0,82.0,3.0,13.0,14.0
247,0,1.772,2012.0,45.0,4.0,5.0,10.0
248,0,2.0625,2012.5,30.0,8.5,8.5,18.0
249,0,1.772,2012.0,45.0,4.0,5.0,10.0
250,0,8.543,2012.5,31.0,6.0,10.5,16.0
251,0,4.164,2013.0,18.0,2.0,4.0,18.0
252,0,1.772,2012.0,45.0,4.0,5.0,10.0
253,0,2.089,2013.0,36.0,3.0,8.0,14.0
254,0,4.5705,2013.0,70.0,3.5,9.5,14.0
255,0,4.483000000000001,2015.0,48.0,11.0,13.0,10.0
256,0,3.272,2014.0,50.0,6.0,9.0,14.0
257,0,1.9915,2013.5,23.5,6.0,6.5,17.5
258,0,3.525,2013.0,30.0,2.0,9.0,9.0
259,0,3.278,2013.0,41.0,7.0,8.0,14.0
260,0,3.1515,2014.0,34.5,4.5,8.5,14.0
261,0,3.3869999999999996,2013.0,34.0,5.25,8.75,15.0
262,0,1.2535,2013.5,31.5,4.0,13.0,12.0
263,0,2.519,2013.0,44.0,10.0,8.0,11.0
264,0,1.8075,2013.0,76.5,5.5,9.5,18.5
265,0,1.072,2014.0,191.0,1.0,17.0,8.0
266,0,1.372,2015.0,43.0,3.0,5.0,19.0
267,0,9.416,2013.0,26.0,6.0,11.0,14.0
268,0,6.192,2012.5,75.0,6.0,9.5,14.0
269,0,1.072,2014.0,191.0,1.0,17.0,8.0
270,0,4.4601428571428565,2012.2857142857142,35.07142857142857,10.142857142857142,7.5,15.714285714285714
271,0,9.9465,2015.0,36.5,4.5,9.5,13.0
272,0,3.33125,2012.0,29.75,5.75,10.25,15.25
273,0,3.505,2012.0,76.5,2.0,10.5,10.0
274,0,15.28,2012.0,57.0,2.0,12.0,12.0
275,0,4.012,2013.0,54.0,8.0,11.0,14.0
276,0,5.447,2014.0,67.0,6.0,18.0,17.0
277,0,3.534,2013.0,99.0,12.0,7.0,13.0
278,0,0.76,2014.0,16.0,6.0,6.0,19.0
279,0,1.614,2014.0,31.0,6.0,6.0,13.0
280,0,2.3033333333333332,2012.6666666666667,28.333333333333332,5.666666666666667,5.0,12.0
281,0,4.446000000000001,2014.0,47.0,2.0,11.0,11.0
282,0,2.243,2015.0,36.0,3.0,8.0,10.0
283,0,0.76,2014.0,16.0,6.0,6.0,19.0
284,0,1.8075,2013.0,76.5,5.5,9.5,18.5
285,0,6.923999999999999,2013.0,38.0,4.0,14.0,7.0
286,0,4.842,2014.0,43.0,10.0,14.0,17.0
287,0,3.1515,2014.0,34.5,4.5,8.5,14.0
288,0,7.455,2015.0,47.5,8.0,7.5,10.5
289,0,4.8486666666666665,2013.3333333333333,44.666666666666664,5.666666666666667,11.333333333333334,14.0
290,0,6.442333333333334,2014.0,66.33333333333333,2.0,13.333333333333334,21.0
291,0,9.9465,2015.0,36.5,4.5,9.5,13.0
292,0,2.559,2014.0,27.0,3.0,8.0,12.0
293,0,0.37,2015.0,34.0,4.0,22.0,5.0
294,0,2.591,2015.0,58.0,12.0,10.0,14.0
295,0,3.59,2013.0,77.0,6.0,11.0,10.0
296,0,1.346,2013.0,1.0,1.0,3.0,10.0
297,0,1.7723333333333333,2012.6666666666667,35.333333333333336,2.0,8.0,11.333333333333334
298,0,1.217,2015.0,38.5,7.0,9.5,15.5
299,0,2.007714285714286,2013.2857142857142,33.42857142857143,6.857142857142857,5.571428571428571,10.285714285714286
300,0,1.40675,2013.25,26.375,5.0,8.75,15.625
301,0,3.267,2014.0,32.0,9.0,6.0,21.0
302,0,3.57,2015.0,30.0,8.0,9.0,13.0
303,0,4.724,2015.0,27.0,5.0,4.0,15.0
304,0,2.559,2014.0,27.0,3.0,8.0,12.0
305,0,3.534,2013.0,47.0,8.0,10.0,15.0
306,0,1.8075,2013.0,76.5,5.5,9.5,18.5
307,0,6.747000000000001,2013.0,60.0,6.0,15.0,9.0
308,0,3.845666666666667,2013.3333333333333,42.166666666666664,6.166666666666667,9.0,12.666666666666666
309,0,2.7744999999999997,2014.5,67.5,2.5,12.5,17.0
310,0,2.50875,2013.25,45.25,5.0,8.5,9.25
311,0,1.505,2014.0,74.0,3.0,22.0,7.0
312,0,2.821,2016.0,79.0,7.0,12.0,17.0
313,0,4.333,2014.0,159.0,4.0,19.0,12.0
314,0,1.261,2013.0,34.333333333333336,3.6666666666666665,12.666666666666666,12.333333333333334
315,0,5.016333333333333,2013.0,50.666666666666664,4.666666666666667,11.333333333333334,13.666666666666666
316,0,3.634,2013.0,54.0,3.0,15.0,8.0
317,0,1.61,2016.0,17.0,12.0,5.0,26.0
318,0,3.143,2015.5,35.5,7.5,6.5,13.0
319,0,2.349,2014.0,36.0,5.0,7.0,15.0
320,0,1.8075,2013.0,76.5,5.5,9.5,18.5
321,0,7.883,2016.0,50.0,14.0,11.0,12.0
322,0,1.6915,2013.5,47.5,8.0,7.5,18.0
323,0,12.124,2016.0,70.0,5.0,11.0,14.0
324,0,2.5568,2013.0,40.4,5.8,8.4,13.4
325,0,1.333,2014.0,24.0,8.0,4.0,25.0
326,0,1.9275000000000002,2014.0,88.5,8.0,8.0,10.5
327,0,4.663,2016.0,37.0,3.0,9.0,21.0
328,0,4.007,2013.5,77.0,5.5,10.5,15.5
329,0,9.068666666666667,2014.0,92.0,4.0,11.0,8.666666666666666
330,0,8.225,2015.0,98.0,5.0,18.0,11.0
331,0,1.8075,2013.0,76.5,5.5,9.5,18.5
332,0,4.555,2016.0,199.0,12.0,11.0,6.0
333,0,2.3764999999999996,2013.5,39.25,10.75,12.5,15.25
334,0,2.349,2014.0,36.0,5.0,7.0,15.0
335,0,1.559,2015.0,40.0,6.0,9.0,23.0
336,0,6.608,2016.0,30.0,2.0,6.0,24.0
337,0,2.714,2015.0,56.0,2.0,31.0,11.0
338,0,2.151,2016.0,20.0,4.0,5.0,13.0
339,0,3.146,2015.0,47.0,6.0,15.0,21.0
340,0,0.38199999999999995,2014.0,22.0,5.0,3.0,8.666666666666666
341,0,1.955,2014.0,46.0,5.0,9.5,16.5
342,0,1.876,2014.0,16.0,4.0,9.0,10.0
343,0,4.530666666666667,2016.3333333333333,54.666666666666664,17.333333333333332,12.666666666666666,11.0
344,0,2.727,2016.0,32.0,13.0,7.0,16.0
345,0,2.151,2016.0,20.0,4.0,5.0,13.0
346,0,3.057,2015.0,38.0,2.0,13.0,10.0
347,0,3.0305,2015.0,28.25,8.25,7.5,12.5
348,0,6.523,2014.0,58.0,20.0,13.0,21.0
349,0,4.8294999999999995,2016.5,62.5,10.0,10.5,16.5
350,0,7.727222222222224,2015.111111111111,33.888888888888886,13.0,11.777777777777779,22.22222222222222
351,0,17.134,2014.3333333333333,57.666666666666664,6.333333333333333,11.666666666666666,11.0
352,0,3.267,2013.0,48.333333333333336,5.666666666666667,11.666666666666666,13.333333333333334
353,0,4.258999999999999,2016.0,56.0,6.0,12.0,15.0
354,0,5.663,2014.5,44.5,14.0,10.0,10.5
355,0,4.7255,2016.5,177.5,2.0,36.5,6.5
356,0,3.0305,2015.0,28.25,8.25,7.5,12.5
357,0,4.758,2015.0,54.0,5.0,8.0,13.0
358,0,4.567999999999999,2016.3333333333333,49.333333333333336,8.0,12.333333333333334,12.666666666666666
359,0,1.559,2015.0,40.0,6.0,9.0,23.0
360,0,2.49875,2015.0,24.75,3.25,7.75,18.75
361,0,2.9635,2015.5,47.5,3.5,6.5,9.0
362,0,3.138,2016.5,41.5,2.0,7.5,19.0
363,0,1.987,2015.0,28.0,5.0,8.0,16.0
364,0,1.6515,2014.0,37.5,4.0,8.5,16.0
365,0,4.034,2017.0,51.0,10.0,10.0,22.0
366,0,4.244,2015.5,53.0,6.5,8.0,9.0
367,0,6.938,2015.5,47.5,9.0,12.0,9.0
368,0,4.92225,2015.75,71.0,4.0,11.75,14.25
369,0,1.148,2015.0,25.0,5.0,5.0,6.0
370,0,4.652,2016.0,85.0,7.0,17.0,19.0
371,0,12.08,2017.0,25.0,2.0,5.0,7.0
372,0,6.608,2016.0,30.0,2.0,6.0,24.0
373,0,4.581833333333334,2015.6666666666667,75.66666666666667,4.666666666666667,11.833333333333334,14.666666666666666
374,0,8.701,2015.0,31.0,6.0,9.0,12.0
375,0,3.138,2016.5,41.5,2.0,7.5,19.0
376,0,3.138,2016.5,41.5,2.0,7.5,19.0
377,0,5.929,2015.0,54.0,6.0,7.0,18.0
378,0,8.783999999999999,2015.0,49.0,10.0,12.0,20.0
379,0,7.6113333333333335,2016.6666666666667,53.333333333333336,4.666666666666667,9.0,11.333333333333334
380,0,2.727,2016.0,32.0,13.0,7.0,16.0
381,0,4.034,2017.0,51.0,10.0,10.0,22.0
382,0,3.138,2016.5,41.5,2.0,7.5,19.0
383,0,3.138,2016.5,41.5,2.0,7.5,19.0
384,0,2.0463333333333336,2015.0,35.0,5.0,13.0,11.333333333333334
385,0,3.427,2015.0,93.0,4.0,12.0,6.0
386,0,6.608,2016.0,30.0,2.0,6.0,24.0
387,0,3.8345000000000002,2015.5,69.5,3.5,11.5,16.5
388,0,6.567,2015.0,36.0,3.0,4.0,11.0
389,0,1.064,2015.0,24.0,2.0,7.0,12.0
390,0,3.42,2015.0,27.0,2.0,9.0,13.0
391,0,5.929,2015.0,54.0,6.0,7.0,18.0
392,0,4.229,2014.0,37.0,7.0,6.0,16.0
393,0,5.23,2016.0,91.0,5.0,15.0,19.0
394,0,4.942,2017.0,33.0,14.0,8.0,18.0
395,0,4.034,2017.0,51.0,10.0,10.0,22.0
396,0,9.251,2017.0,71.0,4.0,21.0,16.0
397,0,11.24,2015.0,36.0,10.0,14.0,10.0
398,0,3.42,2015.0,27.0,2.0,9.0,13.0
399,0,3.089,2015.0,61.5,6.0,17.0,12.0
400,0,0.38199999999999995,2014.0,22.0,5.0,3.0,8.666666666666666
401,0,4.034,2017.0,51.0,10.0,10.0,22.0
402,0,3.138,2016.5,41.5,2.0,7.5,19.0
403,0,1.347,2016.0,87.0,2.0,13.0,10.0
404,0,6.827,2016.0,38.0,5.0,8.5,15.0
405,0,2.727,2016.0,32.0,13.0,7.0,16.0
406,0,3.138,2016.5,41.5,2.0,7.5,19.0
407,0,2.1784999999999997,2016.0,27.5,4.25,5.25,16.75
408,0,1.678,2017.0,71.0,5.0,13.0,13.0
409,0,2.18,2016.0,48.0,6.0,7.0,16.0
410,0,3.42,2015.0,27.0,2.0,9.0,13.0
411,0,2.8623999999999996,2015.6,25.2,6.8,10.8,11.2
412,0,4.145,2016.0,39.0,10.0,8.0,16.0
413,0,1.5195,2016.5,25.75,6.25,5.75,12.0
414,0,3.609,2015.0,15.0,5.0,6.0,17.0
415,0,10.25,2017.0,51.0,67.0,12.0,10.0
416,0,4.137,2017.0,126.0,5.0,18.0,18.0
417,0,3.493,2015.0,76.0,4.0,11.0,15.0
418,0,11.698,2017.0,72.0,6.0,13.0,19.0
419,0,5.964,2016.0,83.0,5.0,13.0,21.0
420,0,7.8815,2017.5,83.5,13.0,13.0,8.5
421,0,4.836,2016.0,54.0,18.0,15.0,10.0
422,0,15.211,2017.0,48.0,11.0,21.0,22.0
423,0,10.25,2017.0,51.0,67.0,12.0,10.0
424,0,1.942,2015.0,37.0,6.0,5.5,15.5
425,0,3.782,2015.0,51.0,13.0,9.0,16.0
426,0,1.338,2016.0,44.0,4.0,9.0,16.0
427,0,2.376,2018.0,54.0,8.0,8.0,30.0
428,0,3.836,2016.0,44.0,6.0,6.0,11.0
429,0,3.813,2017.0,55.0,8.0,10.0,10.0
430,0,5.23,2016.0,91.0,5.0,15.0,19.0
431,0,3.296,2017.0,25.0,4.0,7.666666666666667,19.0
432,0,2.559,2017.0,156.0,4.0,14.0,3.0
433,0,7.6113333333333335,2016.6666666666667,53.333333333333336,4.666666666666667,9.0,11.333333333333334
434,0,15.211,2017.0,48.0,11.0,21.0,22.0
435,0,4.011,2018.0,61.0,8.0,14.0,17.0
436,0,7.06,2015.0,10.0,7.0,2.0,9.0
437,0,3.5875999999999997,2016.4,52.6,6.6,10.8,13.0
438,0,2.7006666666666663,2015.3333333333333,37.833333333333336,8.833333333333334,8.666666666666666,13.5
439,0,4.468,2018.0,60.0,9.0,13.0,16.0
440,0,3.493,2016.0,31.0,5.0,16.0,20.0
441,0,3.06175,2016.5,123.75,3.0,25.25,17.0
442,0,2.79,2016.0,6.0,7.0,6.0,10.0
443,0,6.455111111111111,2015.5555555555557,44.22222222222222,3.3333333333333335,15.88888888888889,13.555555555555555
444,0,6.401999999999999,2017.5,51.5,14.5,11.0,12.5
445,0,3.3659999999999997,2016.5,42.0,8.5,10.0,12.5
446,0,12.353,2017.0,64.0,5.0,16.0,11.0
447,0,3.28825,2015.5,42.0,9.25,8.75,17.75
448,0,6.492999999999999,2017.0,47.0,7.0,10.0,11.0
449,0,2.673,2016.0,56.0,12.0,10.0,10.0
450,0,2.782,2016.0,13.0,3.0,5.0,13.0
451,0,2.376,2018.0,54.0,8.0,8.0,30.0
452,0,3.0401428571428575,2015.5714285714287,38.57142857142857,7.0,8.0,15.285714285714286
453,0,8.783999999999999,2015.0,49.0,10.0,12.0,20.0
454,0,14.526,2017.5,38.5,4.0,7.0,11.5
455,0,4.468,2018.0,60.0,9.0,13.0,16.0
456,0,3.8930000000000002,2016.0,39.5,5.5,12.0,12.5
457,0,12.353,2017.0,54.0,5.0,11.0,9.0
458,0,9.943999999999999,2018.0,14.0,8.0,5.0,11.0
459,0,10.6795,2017.5,92.5,7.5,10.0,8.5
460,0,1.9940000000000002,2016.5,37.0,5.0,10.5,18.5
461,0,8.1455,2016.5,45.5,8.5,8.5,10.0
462,0,4.54,2017.0,36.0,5.0,7.0,14.0
463,0,3.0250000000000004,2016.0,35.5,8.5,14.5,15.0
464,0,15.211,2017.0,48.0,11.0,21.0,22.0
465,0,11.702,2016.0,50.0,11.0,11.0,13.0
466,0,1.677,2016.0,25.0,5.0,8.0,19.0
467,0,3.42,2016.5,119.0,4.0,12.25,11.75
468,0,6.7044999999999995,2016.0,33.5,6.5,7.5,15.0
469,0,3.027,2017.0,137.0,3.0,18.0,9.0
470,0,5.550000000000001,2018.0,118.0,2.0,8.5,7.5
471,0,2.555,2017.0,32.0,8.0,4.0,11.0
472,0,1.6476666666666668,2016.0,31.0,3.0,6.666666666666667,10.333333333333334
473,0,1.7142499999999998,2015.25,24.25,6.5,8.25,17.25
474,0,2.631,2016.0,16.0,2.0,3.0,14.0
475,0,4.716,2018.0,55.0,3.0,7.0,9.0
476,0,3.575,2019.0,70.0,8.0,7.0,9.0
477,0,3.469,2017.0,217.0,7.0,17.0,17.0
478,0,1.948,2016.0,26.0,3.5,5.0,17.0
479,0,14.357,2017.0,30.0,8.0,6.0,11.0
480,0,4.120571428571429,2018.0,41.0,8.0,8.571428571428571,15.142857142857142
481,0,1.948,2016.0,26.0,3.5,5.0,17.0
482,0,4.449,2015.0,52.0,8.0,12.0,15.0
483,0,2.871,2017.0,24.0,3.0,5.0,12.0
484,0,4.586,2018.0,86.0,8.0,14.0,21.0
485,0,23.29,2017.0,45.0,33.0,16.0,11.0
486,0,2.746,2016.0,15.0,3.5,6.5,11.0
487,0,11.776,2017.0,82.0,2.0,10.0,8.0
488,0,5.667000000000001,2017.0,28.0,7.0,7.0,11.0
489,0,2.516,2018.0,40.0,4.0,9.0,18.0
490,0,11.087616666666667,2017.0833333333333,93.61666666666666,11.083333333333334,13.183333333333334,9.783333333333333
491,0,1.193,2017.0,33.5,6.5,8.0,10.5
492,0,7.632,2019.0,52.0,9.0,19.0,13.0
493,0,4.661,2017.0,60.0,3.0,6.0,14.0
494,0,2.742,2018.0,59.0,3.0,10.0,12.0
495,0,5.2645,2017.5,85.5,4.0,12.5,14.0
496,0,11.337,2019.0,71.0,28.0,14.0,13.0
497,0,2.071,2017.0,58.0,5.0,13.0,22.0
498,0,12.257,2018.0,41.0,4.0,5.0,15.0
499,0,3.634,2018.0,36.0,4.0,8.0,23.0
500,0,2.34,2017.0,70.0,6.0,12.0,22.0
501,0,4.321199999999999,2017.0,98.8,9.0,21.0,13.6
502,0,2.586,2018.0,69.0,3.0,14.0,12.0
503,0,5.155,2018.0,26.0,8.0,11.0,18.0
504,0,5.085,2019.0,92.5,8.0,12.0,9.0
505,0,2.34,2017.0,70.0,6.0,12.0,22.0
506,0,7.632,2019.0,52.0,9.0,19.0,13.0
507,0,1.9389999999999998,2018.0,24.333333333333332,4.0,7.0,20.666666666666668
508,0,3.293,2019.0,70.0,10.0,14.0,11.0
509,0,2.706,2018.0,34.0,11.0,6.0,15.0
510,0,0.845,2017.0,70.0,6.0,6.0,12.0
511,0,4.171,2017.5,43.0,3.0,14.0,8.0
512,0,5.433999999999999,2017.25,42.5,2.5,8.25,14.75
513,0,2.809,2018.0,33.0,7.0,8.0,11.0
514,0,3.782,2019.0,49.0,8.0,10.0,10.0
515,0,3.575,2019.0,70.0,8.0,7.0,9.0
516,0,2.056,2018.0,32.0,6.0,7.0,15.0
517,0,2.87,2019.0,62.0,8.0,12.0,10.0
518,0,4.7017500000000005,2017.75,79.25,5.0,11.0,24.5
519,0,2.8907499999999997,2017.75,25.75,4.75,7.0,16.75
520,0,3.956,2019.0,36.0,7.0,11.0,12.0
521,0,5.412,2019.0,42.0,5.0,7.0,3.0
522,0,2.067,2019.0,44.0,3.0,10.0,15.0
523,0,3.637,2019.0,36.0,7.0,10.0,12.0
524,0,7.632,2019.0,52.0,9.0,19.0,13.0
525,0,3.1078888888888887,2017.7777777777778,51.22222222222222,5.666666666666667,10.333333333333334,11.333333333333334
526,0,7.632,2019.0,52.0,9.0,19.0,13.0
527,0,5.667000000000001,2017.0,28.0,7.0,7.0,11.0
528,0,5.412,2019.0,42.0,5.0,7.0,3.0
529,0,4.945,2018.6666666666667,72.0,4.0,18.666666666666668,12.666666666666666
530,0,14.528,2019.0,66.0,6.0,11.0,13.0
531,0,2.611,2018.0,35.0,4.0,12.0,17.0
532,0,2.3737500000000002,2018.75,30.5,12.25,8.0,25.5
533,0,1.5665,2018.0,46.0,4.5,10.0,17.0
534,0,7.1306666666666665,2018.6666666666667,40.666666666666664,9.333333333333334,8.0,13.0
535,0,5.412,2019.0,42.0,5.0,7.0,3.0
536,0,5.578,2019.0,58.0,11.0,10.0,15.0
537,0,6.793,2019.0,66.0,6.0,8.0,14.0
538,0,7.149,2018.0,101.0,6.0,14.0,21.0
539,0,1.5675,2018.25,56.25,2.5,13.25,18.0
540,0,6.077,2019.0,43.0,5.0,15.0,15.0
541,0,5.213,2019.0,29.0,4.0,8.0,9.0
542,0,4.344,2019.0,87.0,5.0,18.0,17.0
543,0,5.589,2018.0,74.0,6.0,7.0,20.0
544,0,5.462,2019.0,48.5,15.0,10.5,16.5
545,0,2.9245,2018.0,61.0,5.0,15.0,9.5
546,0,5.774,2019.0,26.0,9.0,6.0,10.0
547,0,6.633,2019.0,110.0,6.0,18.0,16.0
548,0,3.845,2018.0,33.0,8.0,12.0,12.0
549,0,6.8985,2019.0,44.0,5.5,8.0,13.5
550,0,6.8985,2019.0,44.0,5.5,8.0,13.5
551,0,1.913,2018.0,46.0,3.0,7.0,13.0
552,0,3.492,2019.0,33.0,5.0,11.0,19.0
553,0,4.133,2019.0,32.0,11.0,10.0,8.0
